{"v":"5.12.1","fr":29.6385803222656,"ip":0,"op":65.9990654633939,"w":142,"h":142,"nm":"晃动蓝","ddd":0,"assets":[],"layers":[{"ddd":0,"ind":1,"ty":4,"nm":"dd 2","parent":9,"sr":1,"ks":{"o":{"a":0,"k":100,"ix":11},"r":{"a":1,"k":[{"i":{"x":[0.833],"y":[0.833]},"o":{"x":[0.167],"y":[0.167]},"t":33,"s":[0]},{"i":{"x":[0.833],"y":[0.833]},"o":{"x":[0.167],"y":[0.167]},"t":42.999,"s":[12]},{"i":{"x":[0.833],"y":[0.833]},"o":{"x":[0.167],"y":[0.167]},"t":47.999,"s":[0]},{"i":{"x":[0.833],"y":[0.833]},"o":{"x":[0.167],"y":[0.167]},"t":57.999,"s":[-8]},{"t":63.999093782685,"s":[0]}],"ix":10},"p":{"a":1,"k":[{"i":{"x":0.833,"y":0.833},"o":{"x":0.167,"y":0.167},"t":33,"s":[0.19,30.069,0],"to":[0,0,0],"ti":[0,0,0]},{"i":{"x":0.833,"y":0.833},"o":{"x":0.167,"y":0.167},"t":42.999,"s":[0.19,30.069,0],"to":[0,0,0],"ti":[0,0,0]},{"i":{"x":0.833,"y":0.833},"o":{"x":0.167,"y":0.167},"t":47.999,"s":[0.19,30.069,0],"to":[0,0,0],"ti":[0,0,0]},{"i":{"x":0.833,"y":0.833},"o":{"x":0.167,"y":0.167},"t":57.999,"s":[0.19,30.069,0],"to":[0,0,0],"ti":[0,0,0]},{"t":63.999093782685,"s":[0.19,30.069,0]}],"ix":2,"l":2},"a":{"a":0,"k":[0.226,28.643,0],"ix":1,"l":2},"s":{"a":1,"k":[{"i":{"x":[0.833,0.833,0.833],"y":[0.833,0.833,0.833]},"o":{"x":[0.167,0.167,0.167],"y":[0.167,0.167,0.167]},"t":33,"s":[118.654,103.252,100]},{"i":{"x":[0.833,0.833,0.833],"y":[0.833,0.833,0.833]},"o":{"x":[0.167,0.167,0.167],"y":[0.167,0.167,0.167]},"t":42.999,"s":[97.489,103.465,100]},{"i":{"x":[0.833,0.833,0.833],"y":[0.833,0.833,0.833]},"o":{"x":[0.167,0.167,0.167],"y":[0.167,0.167,0.167]},"t":47.999,"s":[118.654,103.252,100]},{"i":{"x":[0.833,0.833,0.833],"y":[0.833,0.833,0.833]},"o":{"x":[0.167,0.167,0.167],"y":[0.167,0.167,0.167]},"t":57.999,"s":[97.6,103.347,100]},{"t":63.999093782685,"s":[118.654,103.252,100]}],"ix":6,"l":2}},"ao":0,"shapes":[{"ty":"gr","it":[{"ty":"rc","d":1,"s":{"a":0,"k":[11.452,3.787],"ix":2},"p":{"a":0,"k":[0,0],"ix":3},"r":{"a":0,"k":20,"ix":4},"nm":"矩形路径 1","mn":"ADBE Vector Shape - Rect","hd":false},{"ty":"fl","c":{"a":0,"k":[0.21568627451,0.447058823529,0.996078431373,1],"ix":4},"o":{"a":0,"k":90,"ix":5},"r":1,"bm":0,"nm":"填充 1","mn":"ADBE Vector Graphic - Fill","hd":false},{"ty":"tr","p":{"a":0,"k":[0.226,28.643],"ix":2},"a":{"a":0,"k":[0,0],"ix":1},"s":{"a":0,"k":[100,100],"ix":3},"r":{"a":0,"k":0,"ix":6},"o":{"a":0,"k":100,"ix":7},"sk":{"a":0,"k":0,"ix":4},"sa":{"a":0,"k":0,"ix":5},"nm":"变换"}],"nm":"矩形 1","np":3,"cix":2,"bm":0,"ix":1,"mn":"ADBE Vector Group","hd":false}],"ip":32.9995327316969,"op":66.9990513037483,"st":0,"ct":1,"bm":0},{"ddd":0,"ind":2,"ty":4,"nm":"dd","parent":9,"sr":1,"ks":{"o":{"a":0,"k":100,"ix":11},"r":{"a":0,"k":0,"ix":10},"p":{"a":0,"k":[-0.078,0.494,0],"ix":2,"l":2},"a":{"a":0,"k":[0,0,0],"ix":1,"l":2},"s":{"a":0,"k":[118.654,103.252,100],"ix":6,"l":2}},"ao":0,"shapes":[{"ty":"gr","it":[{"ty":"rc","d":1,"s":{"a":0,"k":[11.452,3.787],"ix":2},"p":{"a":0,"k":[0,0],"ix":3},"r":{"a":0,"k":20,"ix":4},"nm":"矩形路径 1","mn":"ADBE Vector Shape - Rect","hd":false},{"ty":"fl","c":{"a":0,"k":[0.21568627451,0.447058823529,0.996078431373,1],"ix":4},"o":{"a":0,"k":100,"ix":5},"r":1,"bm":0,"nm":"填充 1","mn":"ADBE Vector Graphic - Fill","hd":false},{"ty":"tr","p":{"a":0,"k":[0.226,28.643],"ix":2},"a":{"a":0,"k":[0,0],"ix":1},"s":{"a":0,"k":[100,100],"ix":3},"r":{"a":0,"k":0,"ix":6},"o":{"a":0,"k":100,"ix":7},"sk":{"a":0,"k":0,"ix":4},"sa":{"a":0,"k":0,"ix":5},"nm":"变换"}],"nm":"矩形 1","np":3,"cix":2,"bm":0,"ix":1,"mn":"ADBE Vector Group","hd":false}],"ip":0,"op":32.9995327316969,"st":0,"ct":1,"bm":0},{"ddd":0,"ind":3,"ty":4,"nm":"zuo","td":1,"sr":1,"ks":{"o":{"a":0,"k":100,"ix":11},"r":{"a":0,"k":0,"ix":10},"p":{"a":1,"k":[{"i":{"x":0.833,"y":0.833},"o":{"x":0.167,"y":0.167},"t":48.999,"s":[72.685,70.443,0],"to":[0,0,0],"ti":[0,0,0]},{"i":{"x":0.833,"y":0.833},"o":{"x":0.167,"y":0.167},"t":57.999,"s":[92.685,70.443,0],"to":[0,0,0],"ti":[0,0,0]},{"t":64.9990796230394,"s":[72.685,70.443,0]}],"ix":2,"l":2},"a":{"a":0,"k":[0,0,0],"ix":1,"l":2},"s":{"a":0,"k":[100,100,100],"ix":6,"l":2}},"ao":0,"shapes":[{"ty":"gr","it":[{"ty":"rc","d":1,"s":{"a":0,"k":[82.901,202.902],"ix":2},"p":{"a":0,"k":[0,0],"ix":3},"r":{"a":0,"k":0,"ix":4},"nm":"矩形路径 1","mn":"ADBE Vector Shape - Rect","hd":false},{"ty":"fl","c":{"a":0,"k":[1,1,1,1],"ix":4},"o":{"a":0,"k":100,"ix":5},"r":1,"bm":0,"nm":"填充 1","mn":"ADBE Vector Graphic - Fill","hd":false},{"ty":"tr","p":{"a":0,"k":[-42.588,7.557],"ix":2},"a":{"a":0,"k":[0,0],"ix":1},"s":{"a":0,"k":[53.241,41.592],"ix":3},"r":{"a":0,"k":0,"ix":6},"o":{"a":0,"k":100,"ix":7},"sk":{"a":0,"k":0,"ix":4},"sa":{"a":0,"k":0,"ix":5},"nm":"变换"}],"nm":"矩形 1","np":3,"cix":2,"bm":0,"ix":1,"mn":"ADBE Vector Group","hd":false}],"ip":48.9993061773682,"op":64.9990796230394,"st":-87.9987539511918,"ct":1,"bm":0},{"ddd":0,"ind":4,"ty":4,"nm":"phone 4","tt":1,"tp":3,"sr":1,"ks":{"o":{"a":0,"k":50,"ix":11},"r":{"a":1,"k":[{"i":{"x":[0.833],"y":[0.833]},"o":{"x":[0.167],"y":[0.167]},"t":0,"s":[0]},{"i":{"x":[0.833],"y":[0.833]},"o":{"x":[0.167],"y":[0.167]},"t":10,"s":[-40.948]},{"i":{"x":[0.833],"y":[0.833]},"o":{"x":[0.167],"y":[0.167]},"t":16,"s":[0]},{"i":{"x":[0.833],"y":[0.833]},"o":{"x":[0.167],"y":[0.167]},"t":27,"s":[42.262]},{"t":32.9995327316969,"s":[0]}],"ix":10},"p":{"a":0,"k":[71.802,78,0],"ix":2,"l":2},"a":{"a":0,"k":[0.19,7.754,0],"ix":1,"l":2},"s":{"a":0,"k":[92.128,96.851,100],"ix":6,"l":2}},"ao":0,"ef":[{"ty":5,"nm":"CC Power Pin","np":14,"mn":"CC Power Pin","ix":1,"en":1,"ef":[{"ty":3,"nm":"Top Left","mn":"CC Power Pin-0002","ix":1,"v":{"a":1,"k":[{"i":{"x":0.833,"y":0.833},"o":{"x":0.167,"y":0.167},"t":0,"s":[0,0],"to":[0,0],"ti":[0,0]},{"i":{"x":0.833,"y":0.833},"o":{"x":0.167,"y":0.167},"t":33,"s":[0,0],"to":[0,0],"ti":[0,0]},{"i":{"x":0.833,"y":0.833},"o":{"x":0.167,"y":0.167},"t":38.999,"s":[24.5,20],"to":[0,0],"ti":[0,0]},{"i":{"x":0.833,"y":0.833},"o":{"x":0.167,"y":0.167},"t":42.999,"s":[36,29],"to":[0,0],"ti":[0,0]},{"i":{"x":0.833,"y":0.833},"o":{"x":0.167,"y":0.167},"t":44.999,"s":[24.5,20],"to":[0,0],"ti":[0,0]},{"i":{"x":0.833,"y":0.833},"o":{"x":0.167,"y":0.167},"t":48.999,"s":[0,0],"to":[0,0],"ti":[0,0]},{"i":{"x":0.833,"y":0.833},"o":{"x":0.167,"y":0.167},"t":54.999,"s":[-34,-43.5],"to":[0,0],"ti":[0,0]},{"i":{"x":0.833,"y":0.833},"o":{"x":0.167,"y":0.167},"t":57.999,"s":[-51,-106.5],"to":[0,0],"ti":[0,0]},{"i":{"x":0.833,"y":0.833},"o":{"x":0.167,"y":0.167},"t":61.999,"s":[-34,-43.5],"to":[0,0],"ti":[0,0]},{"t":64.9990796230394,"s":[0,0]}],"ix":1}},{"ty":3,"nm":"Top Right","mn":"CC Power Pin-0003","ix":2,"v":{"a":1,"k":[{"i":{"x":0.833,"y":0.833},"o":{"x":0.167,"y":0.167},"t":0,"s":[142,0],"to":[0,0],"ti":[0,0]},{"i":{"x":0.833,"y":0.833},"o":{"x":0.167,"y":0.167},"t":33,"s":[142,0],"to":[0,0],"ti":[0,0]},{"i":{"x":0.833,"y":0.833},"o":{"x":0.167,"y":0.167},"t":38.999,"s":[162.5,-35],"to":[0,0],"ti":[0,0]},{"i":{"x":0.833,"y":0.833},"o":{"x":0.167,"y":0.167},"t":42.999,"s":[182,-84.5],"to":[0,0],"ti":[0,0]},{"i":{"x":0.833,"y":0.833},"o":{"x":0.167,"y":0.167},"t":44.999,"s":[162.5,-35],"to":[0,0],"ti":[0,0]},{"i":{"x":0.833,"y":0.833},"o":{"x":0.167,"y":0.167},"t":48.999,"s":[142,0],"to":[0,0],"ti":[0,0]},{"i":{"x":0.833,"y":0.833},"o":{"x":0.167,"y":0.167},"t":54.999,"s":[117,23],"to":[0,0],"ti":[0,0]},{"i":{"x":0.833,"y":0.833},"o":{"x":0.167,"y":0.167},"t":57.999,"s":[105,30.5],"to":[0,0],"ti":[0,0]},{"i":{"x":0.833,"y":0.833},"o":{"x":0.167,"y":0.167},"t":61.999,"s":[117,23],"to":[0,0],"ti":[0,0]},{"t":64.9990796230394,"s":[142,0]}],"ix":2}},{"ty":3,"nm":"Bottom Left","mn":"CC Power Pin-0004","ix":3,"v":{"a":1,"k":[{"i":{"x":0.833,"y":0.833},"o":{"x":0.167,"y":0.167},"t":0,"s":[0,142],"to":[0,0],"ti":[0,0]},{"i":{"x":0.833,"y":0.833},"o":{"x":0.167,"y":0.167},"t":33,"s":[0,142],"to":[0,0],"ti":[0,0]},{"i":{"x":0.833,"y":0.833},"o":{"x":0.167,"y":0.167},"t":38.999,"s":[22.5,128],"to":[0,0],"ti":[0,0]},{"i":{"x":0.833,"y":0.833},"o":{"x":0.167,"y":0.167},"t":42.999,"s":[36.5,119.5],"to":[0,0],"ti":[0,0]},{"i":{"x":0.833,"y":0.833},"o":{"x":0.167,"y":0.167},"t":44.999,"s":[22.5,128],"to":[0,0],"ti":[0,0]},{"i":{"x":0.833,"y":0.833},"o":{"x":0.167,"y":0.167},"t":48.999,"s":[0,142],"to":[0,0],"ti":[0,0]},{"i":{"x":0.833,"y":0.833},"o":{"x":0.167,"y":0.167},"t":54.999,"s":[-33.5,184],"to":[0,0],"ti":[0,0]},{"i":{"x":0.833,"y":0.833},"o":{"x":0.167,"y":0.167},"t":57.999,"s":[-51,234.5],"to":[0,0],"ti":[0,0]},{"i":{"x":0.833,"y":0.833},"o":{"x":0.167,"y":0.167},"t":61.999,"s":[-33.5,184],"to":[0,0],"ti":[0,0]},{"t":64.9990796230394,"s":[0,142]}],"ix":3}},{"ty":3,"nm":"Bottom Right","mn":"CC Power Pin-0005","ix":4,"v":{"a":1,"k":[{"i":{"x":0.833,"y":0.833},"o":{"x":0.167,"y":0.167},"t":0,"s":[142,142],"to":[0,0],"ti":[0,0]},{"i":{"x":0.833,"y":0.833},"o":{"x":0.167,"y":0.167},"t":33,"s":[142,142],"to":[0,0],"ti":[0,0]},{"i":{"x":0.833,"y":0.833},"o":{"x":0.167,"y":0.167},"t":38.999,"s":[164.5,176.5],"to":[0,0],"ti":[0,0]},{"i":{"x":0.833,"y":0.833},"o":{"x":0.167,"y":0.167},"t":42.999,"s":[180,210],"to":[0,0],"ti":[0,0]},{"i":{"x":0.833,"y":0.833},"o":{"x":0.167,"y":0.167},"t":44.999,"s":[164.5,176.5],"to":[0,0],"ti":[0,0]},{"i":{"x":0.833,"y":0.833},"o":{"x":0.167,"y":0.167},"t":48.999,"s":[142,142],"to":[0,0],"ti":[0,0]},{"i":{"x":0.833,"y":0.833},"o":{"x":0.167,"y":0.167},"t":54.999,"s":[118.5,124.5],"to":[0,0],"ti":[0,0]},{"i":{"x":0.833,"y":0.833},"o":{"x":0.167,"y":0.167},"t":57.999,"s":[105,117.5],"to":[0,0],"ti":[0,0]},{"i":{"x":0.833,"y":0.833},"o":{"x":0.167,"y":0.167},"t":61.999,"s":[118.5,124.5],"to":[0,0],"ti":[0,0]},{"t":64.9990796230394,"s":[142,142]}],"ix":4}},{"ty":0,"nm":"Perspective","mn":"CC Power Pin-0006","ix":5,"v":{"a":0,"k":0,"ix":5}},{"ty":7,"nm":"Unstretch","mn":"CC Power Pin-0007","ix":6,"v":{"a":0,"k":0,"ix":6}},{"ty":6,"nm":"Expansion (%)","mn":"CC Power Pin-0008","ix":7,"v":0},{"ty":0,"nm":"Top","mn":"CC Power Pin-0009","ix":8,"v":{"a":0,"k":0,"ix":8}},{"ty":0,"nm":"Left","mn":"CC Power Pin-0010","ix":9,"v":{"a":0,"k":0,"ix":9}},{"ty":0,"nm":"Right","mn":"CC Power Pin-0011","ix":10,"v":{"a":0,"k":0,"ix":10}},{"ty":0,"nm":"Bottom","mn":"CC Power Pin-0012","ix":11,"v":{"a":0,"k":0,"ix":11}},{"ty":6,"nm":"","mn":"CC Power Pin-0013","ix":12,"v":0}]}],"shapes":[{"ty":"gr","it":[{"ty":"rc","d":1,"s":{"a":0,"k":[41.067,63.694],"ix":2},"p":{"a":0,"k":[0,0],"ix":3},"r":{"a":0,"k":6,"ix":4},"nm":"矩形路径 1","mn":"ADBE Vector Shape - Rect","hd":false},{"ty":"fl","c":{"a":0,"k":[1,1,1,1],"ix":4},"o":{"a":0,"k":55,"ix":5},"r":1,"bm":0,"nm":"填充 1","mn":"ADBE Vector Graphic - Fill","hd":false},{"ty":"tr","p":{"a":0,"k":[-0.448,7.754],"ix":2},"a":{"a":0,"k":[0,0],"ix":1},"s":{"a":0,"k":[100.7,100.281],"ix":3},"r":{"a":0,"k":0,"ix":6},"o":{"a":0,"k":100,"ix":7},"sk":{"a":0,"k":0,"ix":4},"sa":{"a":0,"k":-47966,"ix":5},"nm":"变换"}],"nm":"矩形 1","np":3,"cix":2,"bm":0,"ix":1,"mn":"ADBE Vector Group","hd":false}],"ip":0,"op":64.9990796230394,"st":0,"ct":1,"bm":0},{"ddd":0,"ind":5,"ty":4,"nm":"you","td":1,"sr":1,"ks":{"o":{"a":0,"k":100,"ix":11},"r":{"a":0,"k":0,"ix":10},"p":{"a":1,"k":[{"i":{"x":0.833,"y":0.833},"o":{"x":0.167,"y":0.167},"t":33,"s":[76.25,73.097,0],"to":[-3.625,0,0],"ti":[0,0,0]},{"i":{"x":0.833,"y":0.833},"o":{"x":0.167,"y":0.167},"t":42.999,"s":[54.5,73.097,0],"to":[0,0,0],"ti":[-3.625,0,0]},{"t":48.9993061773682,"s":[76.25,73.097,0]}],"ix":2,"l":2},"a":{"a":0,"k":[0,0,0],"ix":1,"l":2},"s":{"a":0,"k":[100,100,100],"ix":6,"l":2}},"ao":0,"shapes":[{"ty":"gr","it":[{"ty":"rc","d":1,"s":{"a":0,"k":[59.797,97.807],"ix":2},"p":{"a":0,"k":[0,0],"ix":3},"r":{"a":0,"k":0,"ix":4},"nm":"矩形路径 1","mn":"ADBE Vector Shape - Rect","hd":false},{"ty":"fl","c":{"a":0,"k":[1,1,1,1],"ix":4},"o":{"a":0,"k":77,"ix":5},"r":1,"bm":0,"nm":"填充 1","mn":"ADBE Vector Graphic - Fill","hd":false},{"ty":"tr","p":{"a":0,"k":[43.898,4.903],"ix":2},"a":{"a":0,"k":[0,0],"ix":1},"s":{"a":0,"k":[100,100],"ix":3},"r":{"a":0,"k":0,"ix":6},"o":{"a":0,"k":100,"ix":7},"sk":{"a":0,"k":0,"ix":4},"sa":{"a":0,"k":0,"ix":5},"nm":"变换"}],"nm":"矩形 1","np":3,"cix":2,"bm":0,"ix":1,"mn":"ADBE Vector Group","hd":false}],"ip":32.9995327316969,"op":48.9993061773682,"st":-67.9990371441028,"ct":1,"bm":0},{"ddd":0,"ind":6,"ty":4,"nm":"phone 3","tt":1,"tp":5,"sr":1,"ks":{"o":{"a":0,"k":100,"ix":11},"r":{"a":1,"k":[{"i":{"x":[0.833],"y":[0.833]},"o":{"x":[0.167],"y":[0.167]},"t":0,"s":[0]},{"i":{"x":[0.833],"y":[0.833]},"o":{"x":[0.167],"y":[0.167]},"t":10,"s":[-40.948]},{"i":{"x":[0.833],"y":[0.833]},"o":{"x":[0.167],"y":[0.167]},"t":16,"s":[0]},{"i":{"x":[0.833],"y":[0.833]},"o":{"x":[0.167],"y":[0.167]},"t":27,"s":[42.262]},{"t":32.9995327316969,"s":[0]}],"ix":10},"p":{"a":0,"k":[71.802,78,0],"ix":2,"l":2},"a":{"a":0,"k":[0.19,7.754,0],"ix":1,"l":2},"s":{"a":0,"k":[92.128,96.851,100],"ix":6,"l":2}},"ao":0,"ef":[{"ty":5,"nm":"CC Power Pin","np":14,"mn":"CC Power Pin","ix":1,"en":1,"ef":[{"ty":3,"nm":"Top Left","mn":"CC Power Pin-0002","ix":1,"v":{"a":1,"k":[{"i":{"x":0.833,"y":0.833},"o":{"x":0.167,"y":0.167},"t":0,"s":[0,0],"to":[0,0],"ti":[0,0]},{"i":{"x":0.833,"y":0.833},"o":{"x":0.167,"y":0.167},"t":33,"s":[0,0],"to":[0,0],"ti":[0,0]},{"i":{"x":0.833,"y":0.833},"o":{"x":0.167,"y":0.167},"t":38.999,"s":[24.5,20],"to":[0,0],"ti":[0,0]},{"i":{"x":0.833,"y":0.833},"o":{"x":0.167,"y":0.167},"t":42.999,"s":[36,29],"to":[0,0],"ti":[0,0]},{"i":{"x":0.833,"y":0.833},"o":{"x":0.167,"y":0.167},"t":44.999,"s":[24.5,20],"to":[0,0],"ti":[0,0]},{"i":{"x":0.833,"y":0.833},"o":{"x":0.167,"y":0.167},"t":48.999,"s":[0,0],"to":[0,0],"ti":[0,0]},{"i":{"x":0.833,"y":0.833},"o":{"x":0.167,"y":0.167},"t":54.999,"s":[-34,-43.5],"to":[0,0],"ti":[0,0]},{"i":{"x":0.833,"y":0.833},"o":{"x":0.167,"y":0.167},"t":57.999,"s":[-51,-106.5],"to":[0,0],"ti":[0,0]},{"i":{"x":0.833,"y":0.833},"o":{"x":0.167,"y":0.167},"t":61.999,"s":[-34,-43.5],"to":[0,0],"ti":[0,0]},{"t":64.9990796230394,"s":[0,0]}],"ix":1}},{"ty":3,"nm":"Top Right","mn":"CC Power Pin-0003","ix":2,"v":{"a":1,"k":[{"i":{"x":0.833,"y":0.833},"o":{"x":0.167,"y":0.167},"t":0,"s":[142,0],"to":[0,0],"ti":[0,0]},{"i":{"x":0.833,"y":0.833},"o":{"x":0.167,"y":0.167},"t":33,"s":[142,0],"to":[0,0],"ti":[0,0]},{"i":{"x":0.833,"y":0.833},"o":{"x":0.167,"y":0.167},"t":38.999,"s":[162.5,-35],"to":[0,0],"ti":[0,0]},{"i":{"x":0.833,"y":0.833},"o":{"x":0.167,"y":0.167},"t":42.999,"s":[182,-84.5],"to":[0,0],"ti":[0,0]},{"i":{"x":0.833,"y":0.833},"o":{"x":0.167,"y":0.167},"t":44.999,"s":[162.5,-35],"to":[0,0],"ti":[0,0]},{"i":{"x":0.833,"y":0.833},"o":{"x":0.167,"y":0.167},"t":48.999,"s":[142,0],"to":[0,0],"ti":[0,0]},{"i":{"x":0.833,"y":0.833},"o":{"x":0.167,"y":0.167},"t":54.999,"s":[117,23],"to":[0,0],"ti":[0,0]},{"i":{"x":0.833,"y":0.833},"o":{"x":0.167,"y":0.167},"t":57.999,"s":[105,30.5],"to":[0,0],"ti":[0,0]},{"i":{"x":0.833,"y":0.833},"o":{"x":0.167,"y":0.167},"t":61.999,"s":[117,23],"to":[0,0],"ti":[0,0]},{"t":64.9990796230394,"s":[142,0]}],"ix":2}},{"ty":3,"nm":"Bottom Left","mn":"CC Power Pin-0004","ix":3,"v":{"a":1,"k":[{"i":{"x":0.833,"y":0.833},"o":{"x":0.167,"y":0.167},"t":0,"s":[0,142],"to":[0,0],"ti":[0,0]},{"i":{"x":0.833,"y":0.833},"o":{"x":0.167,"y":0.167},"t":33,"s":[0,142],"to":[0,0],"ti":[0,0]},{"i":{"x":0.833,"y":0.833},"o":{"x":0.167,"y":0.167},"t":38.999,"s":[22.5,128],"to":[0,0],"ti":[0,0]},{"i":{"x":0.833,"y":0.833},"o":{"x":0.167,"y":0.167},"t":42.999,"s":[36.5,119.5],"to":[0,0],"ti":[0,0]},{"i":{"x":0.833,"y":0.833},"o":{"x":0.167,"y":0.167},"t":44.999,"s":[22.5,128],"to":[0,0],"ti":[0,0]},{"i":{"x":0.833,"y":0.833},"o":{"x":0.167,"y":0.167},"t":48.999,"s":[0,142],"to":[0,0],"ti":[0,0]},{"i":{"x":0.833,"y":0.833},"o":{"x":0.167,"y":0.167},"t":54.999,"s":[-33.5,184],"to":[0,0],"ti":[0,0]},{"i":{"x":0.833,"y":0.833},"o":{"x":0.167,"y":0.167},"t":57.999,"s":[-51,234.5],"to":[0,0],"ti":[0,0]},{"i":{"x":0.833,"y":0.833},"o":{"x":0.167,"y":0.167},"t":61.999,"s":[-33.5,184],"to":[0,0],"ti":[0,0]},{"t":64.9990796230394,"s":[0,142]}],"ix":3}},{"ty":3,"nm":"Bottom Right","mn":"CC Power Pin-0005","ix":4,"v":{"a":1,"k":[{"i":{"x":0.833,"y":0.833},"o":{"x":0.167,"y":0.167},"t":0,"s":[142,142],"to":[0,0],"ti":[0,0]},{"i":{"x":0.833,"y":0.833},"o":{"x":0.167,"y":0.167},"t":33,"s":[142,142],"to":[0,0],"ti":[0,0]},{"i":{"x":0.833,"y":0.833},"o":{"x":0.167,"y":0.167},"t":38.999,"s":[164.5,176.5],"to":[0,0],"ti":[0,0]},{"i":{"x":0.833,"y":0.833},"o":{"x":0.167,"y":0.167},"t":42.999,"s":[180,210],"to":[0,0],"ti":[0,0]},{"i":{"x":0.833,"y":0.833},"o":{"x":0.167,"y":0.167},"t":44.999,"s":[164.5,176.5],"to":[0,0],"ti":[0,0]},{"i":{"x":0.833,"y":0.833},"o":{"x":0.167,"y":0.167},"t":48.999,"s":[142,142],"to":[0,0],"ti":[0,0]},{"i":{"x":0.833,"y":0.833},"o":{"x":0.167,"y":0.167},"t":54.999,"s":[118.5,124.5],"to":[0,0],"ti":[0,0]},{"i":{"x":0.833,"y":0.833},"o":{"x":0.167,"y":0.167},"t":57.999,"s":[105,117.5],"to":[0,0],"ti":[0,0]},{"i":{"x":0.833,"y":0.833},"o":{"x":0.167,"y":0.167},"t":61.999,"s":[118.5,124.5],"to":[0,0],"ti":[0,0]},{"t":64.9990796230394,"s":[142,142]}],"ix":4}},{"ty":0,"nm":"Perspective","mn":"CC Power Pin-0006","ix":5,"v":{"a":0,"k":0,"ix":5}},{"ty":7,"nm":"Unstretch","mn":"CC Power Pin-0007","ix":6,"v":{"a":0,"k":0,"ix":6}},{"ty":6,"nm":"Expansion (%)","mn":"CC Power Pin-0008","ix":7,"v":0},{"ty":0,"nm":"Top","mn":"CC Power Pin-0009","ix":8,"v":{"a":0,"k":0,"ix":8}},{"ty":0,"nm":"Left","mn":"CC Power Pin-0010","ix":9,"v":{"a":0,"k":0,"ix":9}},{"ty":0,"nm":"Right","mn":"CC Power Pin-0011","ix":10,"v":{"a":0,"k":0,"ix":10}},{"ty":0,"nm":"Bottom","mn":"CC Power Pin-0012","ix":11,"v":{"a":0,"k":0,"ix":11}},{"ty":6,"nm":"","mn":"CC Power Pin-0013","ix":12,"v":0}]}],"shapes":[{"ty":"gr","it":[{"ty":"rc","d":1,"s":{"a":0,"k":[41.067,63.694],"ix":2},"p":{"a":0,"k":[0,0],"ix":3},"r":{"a":0,"k":6,"ix":4},"nm":"矩形路径 1","mn":"ADBE Vector Shape - Rect","hd":false},{"ty":"fl","c":{"a":0,"k":[1,1,1,1],"ix":4},"o":{"a":0,"k":55,"ix":5},"r":1,"bm":0,"nm":"填充 1","mn":"ADBE Vector Graphic - Fill","hd":false},{"ty":"tr","p":{"a":0,"k":[-0.448,7.754],"ix":2},"a":{"a":0,"k":[0,0],"ix":1},"s":{"a":0,"k":[100.7,100.281],"ix":3},"r":{"a":0,"k":0,"ix":6},"o":{"a":0,"k":100,"ix":7},"sk":{"a":0,"k":0,"ix":4},"sa":{"a":0,"k":-47966,"ix":5},"nm":"变换"}],"nm":"矩形 1","np":3,"cix":2,"bm":0,"ix":1,"mn":"ADBE Vector Group","hd":false}],"ip":0,"op":64.9990796230394,"st":0,"ct":1,"bm":0},{"ddd":0,"ind":7,"ty":4,"nm":"shangxia","parent":9,"td":1,"sr":1,"ks":{"o":{"a":0,"k":80,"ix":11},"r":{"a":0,"k":0,"ix":10},"p":{"a":1,"k":[{"i":{"x":0.833,"y":0.833},"o":{"x":0.167,"y":0.167},"t":1,"s":[12.895,14.465,0],"to":[0.765,-8.231,0],"ti":[0.039,1.033,0]},{"i":{"x":0.833,"y":0.833},"o":{"x":0.167,"y":0.167},"t":11,"s":[17.485,-34.918,0],"to":[-0.039,-1.033,0],"ti":[0.863,0.136,0]},{"i":{"x":0.833,"y":0.833},"o":{"x":0.167,"y":0.167},"t":17,"s":[12.662,8.27,0],"to":[-0.863,-0.136,0],"ti":[-0.039,-0.482,0]},{"i":{"x":0.833,"y":0.833},"o":{"x":0.167,"y":0.167},"t":28,"s":[12.308,-35.737,0],"to":[0.031,0.386,0],"ti":[-0.166,-13.897,0]},{"i":{"x":0.833,"y":0.833},"o":{"x":0.167,"y":0.167},"t":33,"s":[12.895,9.3,0],"to":[0.042,3.469,0],"ti":[-0.02,-1.561,0]},{"t":33.9995185720514,"s":[12.895,11.161,0]}],"ix":2,"l":2},"a":{"a":0,"k":[0,0,0],"ix":1,"l":2},"s":{"a":0,"k":[108.544,159.597,100],"ix":6,"l":2}},"ao":0,"ef":[{"ty":5,"nm":"调整实边遮罩","np":19,"mn":"ADBE RefineRBMatte","ix":1,"en":1,"ef":[{"ty":0,"nm":"羽化","mn":"ADBE RefineRBMatte-0024","ix":1,"v":{"a":0,"k":2,"ix":1}},{"ty":0,"nm":"对比度","mn":"ADBE RefineRBMatte-0006","ix":2,"v":{"a":0,"k":80,"ix":2}},{"ty":0,"nm":"移动边缘","mn":"ADBE RefineRBMatte-0023","ix":3,"v":{"a":0,"k":0,"ix":3}},{"ty":0,"nm":"减少震颤","mn":"ADBE RefineRBMatte-0016","ix":4,"v":{"a":0,"k":50,"ix":4}},{"ty":7,"nm":"使用运动模糊","mn":"ADBE RefineRBMatte-0008","ix":5,"v":{"a":0,"k":1,"ix":5}},{"ty":6,"nm":"运动模糊","mn":"ADBE RefineRBMatte-0017","ix":6,"v":0},{"ty":0,"nm":"每帧样本","mn":"ADBE RefineRBMatte-0009","ix":7,"v":{"a":0,"k":8,"ix":7}},{"ty":0,"nm":"快门角度","mn":"ADBE RefineRBMatte-0010","ix":8,"v":{"a":0,"k":180,"ix":8}},{"ty":7,"nm":"较高品质","mn":"ADBE RefineRBMatte-0014","ix":9,"v":{"a":0,"k":0,"ix":9}},{"ty":6,"nm":"较高品质","mn":"ADBE RefineRBMatte-0018","ix":10,"v":0},{"ty":7,"nm":"净化边缘颜色","mn":"ADBE RefineRBMatte-0011","ix":11,"v":{"a":0,"k":1,"ix":11}},{"ty":6,"nm":"净化","mn":"ADBE RefineRBMatte-0019","ix":12,"v":0},{"ty":0,"nm":"数量","mn":"ADBE RefineRBMatte-0022","ix":13,"v":{"a":0,"k":100,"ix":13}},{"ty":7,"nm":"扩展平滑的地方","mn":"ADBE RefineRBMatte-0012","ix":14,"v":{"a":0,"k":0,"ix":14}},{"ty":0,"nm":"增大半径","mn":"ADBE RefineRBMatte-0002","ix":15,"v":{"a":0,"k":0,"ix":15}},{"ty":7,"nm":"查看地图","mn":"ADBE RefineRBMatte-0020","ix":16,"v":{"a":0,"k":0,"ix":16}},{"ty":6,"nm":"查看地图","mn":"ADBE RefineRBMatte-0021","ix":17,"v":0}]}],"shapes":[{"ty":"gr","it":[{"ty":"rc","d":1,"s":{"a":0,"k":[96.855,118.009],"ix":2},"p":{"a":0,"k":[0,0],"ix":3},"r":{"a":0,"k":0,"ix":4},"nm":"矩形路径 1","mn":"ADBE Vector Shape - Rect","hd":false},{"ty":"fl","c":{"a":0,"k":[1,1,1,1],"ix":4},"o":{"a":0,"k":77,"ix":5},"r":1,"bm":0,"nm":"填充 1","mn":"ADBE Vector Graphic - Fill","hd":false},{"ty":"tr","p":{"a":0,"k":[-12.292,48.875],"ix":2},"a":{"a":0,"k":[0,0],"ix":1},"s":{"a":0,"k":[53.791,50.56],"ix":3},"r":{"a":0,"k":0,"ix":6},"o":{"a":0,"k":100,"ix":7},"sk":{"a":0,"k":0,"ix":4},"sa":{"a":0,"k":0,"ix":5},"nm":"变换"}],"nm":"矩形 1","np":3,"cix":2,"bm":0,"ix":1,"mn":"ADBE Vector Group","hd":false},{"ty":"gr","it":[{"ty":"tr","p":{"a":0,"k":[-0.448,7.754],"ix":2},"a":{"a":0,"k":[0,0],"ix":1},"s":{"a":0,"k":[100.7,100.281],"ix":3},"r":{"a":0,"k":0,"ix":6},"o":{"a":0,"k":100,"ix":7},"sk":{"a":0,"k":0,"ix":4},"sa":{"a":0,"k":-47966,"ix":5},"nm":"变换"}],"nm":"组 1","np":0,"cix":2,"bm":0,"ix":2,"mn":"ADBE Vector Group","hd":false}],"ip":0,"op":33.9995185720514,"st":0,"ct":1,"bm":0},{"ddd":0,"ind":8,"ty":4,"nm":"phone 2","tt":1,"tp":7,"sr":1,"ks":{"o":{"a":0,"k":100,"ix":11},"r":{"a":1,"k":[{"i":{"x":[0.833],"y":[0.833]},"o":{"x":[0.167],"y":[0.167]},"t":0,"s":[0]},{"i":{"x":[0.833],"y":[0.833]},"o":{"x":[0.167],"y":[0.167]},"t":10,"s":[-40.948]},{"i":{"x":[0.833],"y":[0.833]},"o":{"x":[0.167],"y":[0.167]},"t":16,"s":[0]},{"i":{"x":[0.833],"y":[0.833]},"o":{"x":[0.167],"y":[0.167]},"t":27,"s":[42.262]},{"t":32.9995327316969,"s":[0]}],"ix":10},"p":{"a":0,"k":[71.802,78,0],"ix":2,"l":2},"a":{"a":0,"k":[0.19,7.754,0],"ix":1,"l":2},"s":{"a":0,"k":[92.128,96.851,100],"ix":6,"l":2}},"ao":0,"ef":[{"ty":5,"nm":"CC Power Pin","np":14,"mn":"CC Power Pin","ix":1,"en":1,"ef":[{"ty":3,"nm":"Top Left","mn":"CC Power Pin-0002","ix":1,"v":{"a":1,"k":[{"i":{"x":0.833,"y":0.833},"o":{"x":0.167,"y":0.167},"t":0,"s":[0,0],"to":[0,0],"ti":[0,0]},{"i":{"x":0.833,"y":0.833},"o":{"x":0.167,"y":0.167},"t":33,"s":[0,0],"to":[0,0],"ti":[0,0]},{"i":{"x":0.833,"y":0.833},"o":{"x":0.167,"y":0.167},"t":38.999,"s":[24.5,20],"to":[0,0],"ti":[0,0]},{"i":{"x":0.833,"y":0.833},"o":{"x":0.167,"y":0.167},"t":42.999,"s":[36,29],"to":[0,0],"ti":[0,0]},{"i":{"x":0.833,"y":0.833},"o":{"x":0.167,"y":0.167},"t":44.999,"s":[24.5,20],"to":[0,0],"ti":[0,0]},{"i":{"x":0.833,"y":0.833},"o":{"x":0.167,"y":0.167},"t":48.999,"s":[0,0],"to":[0,0],"ti":[0,0]},{"i":{"x":0.833,"y":0.833},"o":{"x":0.167,"y":0.167},"t":54.999,"s":[-34,-43.5],"to":[0,0],"ti":[0,0]},{"i":{"x":0.833,"y":0.833},"o":{"x":0.167,"y":0.167},"t":57.999,"s":[-51,-106.5],"to":[0,0],"ti":[0,0]},{"i":{"x":0.833,"y":0.833},"o":{"x":0.167,"y":0.167},"t":61.999,"s":[-34,-43.5],"to":[0,0],"ti":[0,0]},{"t":64.9990796230394,"s":[0,0]}],"ix":1}},{"ty":3,"nm":"Top Right","mn":"CC Power Pin-0003","ix":2,"v":{"a":1,"k":[{"i":{"x":0.833,"y":0.833},"o":{"x":0.167,"y":0.167},"t":0,"s":[142,0],"to":[0,0],"ti":[0,0]},{"i":{"x":0.833,"y":0.833},"o":{"x":0.167,"y":0.167},"t":33,"s":[142,0],"to":[0,0],"ti":[0,0]},{"i":{"x":0.833,"y":0.833},"o":{"x":0.167,"y":0.167},"t":38.999,"s":[162.5,-35],"to":[0,0],"ti":[0,0]},{"i":{"x":0.833,"y":0.833},"o":{"x":0.167,"y":0.167},"t":42.999,"s":[182,-84.5],"to":[0,0],"ti":[0,0]},{"i":{"x":0.833,"y":0.833},"o":{"x":0.167,"y":0.167},"t":44.999,"s":[162.5,-35],"to":[0,0],"ti":[0,0]},{"i":{"x":0.833,"y":0.833},"o":{"x":0.167,"y":0.167},"t":48.999,"s":[142,0],"to":[0,0],"ti":[0,0]},{"i":{"x":0.833,"y":0.833},"o":{"x":0.167,"y":0.167},"t":54.999,"s":[117,23],"to":[0,0],"ti":[0,0]},{"i":{"x":0.833,"y":0.833},"o":{"x":0.167,"y":0.167},"t":57.999,"s":[105,30.5],"to":[0,0],"ti":[0,0]},{"i":{"x":0.833,"y":0.833},"o":{"x":0.167,"y":0.167},"t":61.999,"s":[117,23],"to":[0,0],"ti":[0,0]},{"t":64.9990796230394,"s":[142,0]}],"ix":2}},{"ty":3,"nm":"Bottom Left","mn":"CC Power Pin-0004","ix":3,"v":{"a":1,"k":[{"i":{"x":0.833,"y":0.833},"o":{"x":0.167,"y":0.167},"t":0,"s":[0,142],"to":[0,0],"ti":[0,0]},{"i":{"x":0.833,"y":0.833},"o":{"x":0.167,"y":0.167},"t":33,"s":[0,142],"to":[0,0],"ti":[0,0]},{"i":{"x":0.833,"y":0.833},"o":{"x":0.167,"y":0.167},"t":38.999,"s":[22.5,128],"to":[0,0],"ti":[0,0]},{"i":{"x":0.833,"y":0.833},"o":{"x":0.167,"y":0.167},"t":42.999,"s":[36.5,119.5],"to":[0,0],"ti":[0,0]},{"i":{"x":0.833,"y":0.833},"o":{"x":0.167,"y":0.167},"t":44.999,"s":[22.5,128],"to":[0,0],"ti":[0,0]},{"i":{"x":0.833,"y":0.833},"o":{"x":0.167,"y":0.167},"t":48.999,"s":[0,142],"to":[0,0],"ti":[0,0]},{"i":{"x":0.833,"y":0.833},"o":{"x":0.167,"y":0.167},"t":54.999,"s":[-33.5,184],"to":[0,0],"ti":[0,0]},{"i":{"x":0.833,"y":0.833},"o":{"x":0.167,"y":0.167},"t":57.999,"s":[-51,234.5],"to":[0,0],"ti":[0,0]},{"i":{"x":0.833,"y":0.833},"o":{"x":0.167,"y":0.167},"t":61.999,"s":[-33.5,184],"to":[0,0],"ti":[0,0]},{"t":64.9990796230394,"s":[0,142]}],"ix":3}},{"ty":3,"nm":"Bottom Right","mn":"CC Power Pin-0005","ix":4,"v":{"a":1,"k":[{"i":{"x":0.833,"y":0.833},"o":{"x":0.167,"y":0.167},"t":0,"s":[142,142],"to":[0,0],"ti":[0,0]},{"i":{"x":0.833,"y":0.833},"o":{"x":0.167,"y":0.167},"t":33,"s":[142,142],"to":[0,0],"ti":[0,0]},{"i":{"x":0.833,"y":0.833},"o":{"x":0.167,"y":0.167},"t":38.999,"s":[164.5,176.5],"to":[0,0],"ti":[0,0]},{"i":{"x":0.833,"y":0.833},"o":{"x":0.167,"y":0.167},"t":42.999,"s":[180,210],"to":[0,0],"ti":[0,0]},{"i":{"x":0.833,"y":0.833},"o":{"x":0.167,"y":0.167},"t":44.999,"s":[164.5,176.5],"to":[0,0],"ti":[0,0]},{"i":{"x":0.833,"y":0.833},"o":{"x":0.167,"y":0.167},"t":48.999,"s":[142,142],"to":[0,0],"ti":[0,0]},{"i":{"x":0.833,"y":0.833},"o":{"x":0.167,"y":0.167},"t":54.999,"s":[118.5,124.5],"to":[0,0],"ti":[0,0]},{"i":{"x":0.833,"y":0.833},"o":{"x":0.167,"y":0.167},"t":57.999,"s":[105,117.5],"to":[0,0],"ti":[0,0]},{"i":{"x":0.833,"y":0.833},"o":{"x":0.167,"y":0.167},"t":61.999,"s":[118.5,124.5],"to":[0,0],"ti":[0,0]},{"t":64.9990796230394,"s":[142,142]}],"ix":4}},{"ty":0,"nm":"Perspective","mn":"CC Power Pin-0006","ix":5,"v":{"a":0,"k":0,"ix":5}},{"ty":7,"nm":"Unstretch","mn":"CC Power Pin-0007","ix":6,"v":{"a":0,"k":0,"ix":6}},{"ty":6,"nm":"Expansion (%)","mn":"CC Power Pin-0008","ix":7,"v":0},{"ty":0,"nm":"Top","mn":"CC Power Pin-0009","ix":8,"v":{"a":0,"k":0,"ix":8}},{"ty":0,"nm":"Left","mn":"CC Power Pin-0010","ix":9,"v":{"a":0,"k":0,"ix":9}},{"ty":0,"nm":"Right","mn":"CC Power Pin-0011","ix":10,"v":{"a":0,"k":0,"ix":10}},{"ty":0,"nm":"Bottom","mn":"CC Power Pin-0012","ix":11,"v":{"a":0,"k":0,"ix":11}},{"ty":6,"nm":"","mn":"CC Power Pin-0013","ix":12,"v":0}]}],"shapes":[{"ty":"gr","it":[{"ty":"rc","d":1,"s":{"a":0,"k":[41.067,63.694],"ix":2},"p":{"a":0,"k":[0,0],"ix":3},"r":{"a":0,"k":6,"ix":4},"nm":"矩形路径 1","mn":"ADBE Vector Shape - Rect","hd":false},{"ty":"fl","c":{"a":0,"k":[1,1,1,1],"ix":4},"o":{"a":0,"k":55,"ix":5},"r":1,"bm":0,"nm":"填充 1","mn":"ADBE Vector Graphic - Fill","hd":false},{"ty":"tr","p":{"a":0,"k":[-0.448,7.754],"ix":2},"a":{"a":0,"k":[0,0],"ix":1},"s":{"a":0,"k":[100.7,100.281],"ix":3},"r":{"a":0,"k":0,"ix":6},"o":{"a":0,"k":100,"ix":7},"sk":{"a":0,"k":0,"ix":4},"sa":{"a":0,"k":-47966,"ix":5},"nm":"变换"}],"nm":"矩形 1","np":3,"cix":2,"bm":0,"ix":1,"mn":"ADBE Vector Group","hd":false}],"ip":0,"op":64.9990796230394,"st":0,"ct":1,"bm":0},{"ddd":0,"ind":9,"ty":4,"nm":"phone","sr":1,"ks":{"o":{"a":0,"k":100,"ix":11},"r":{"a":1,"k":[{"i":{"x":[0.833],"y":[0.833]},"o":{"x":[0.167],"y":[0.167]},"t":0,"s":[0]},{"i":{"x":[0.833],"y":[0.833]},"o":{"x":[0.167],"y":[0.167]},"t":10,"s":[-40.948]},{"i":{"x":[0.833],"y":[0.833]},"o":{"x":[0.167],"y":[0.167]},"t":16,"s":[0]},{"i":{"x":[0.833],"y":[0.833]},"o":{"x":[0.167],"y":[0.167]},"t":27,"s":[42.262]},{"t":32.9995327316969,"s":[0]}],"ix":10},"p":{"a":0,"k":[71.802,78,0],"ix":2,"l":2},"a":{"a":0,"k":[0.19,7.754,0],"ix":1,"l":2},"s":{"a":0,"k":[92.128,96.851,100],"ix":6,"l":2}},"ao":0,"ef":[{"ty":5,"nm":"CC Power Pin","np":14,"mn":"CC Power Pin","ix":1,"en":1,"ef":[{"ty":3,"nm":"Top Left","mn":"CC Power Pin-0002","ix":1,"v":{"a":1,"k":[{"i":{"x":0.833,"y":0.833},"o":{"x":0.167,"y":0.167},"t":33,"s":[0,0],"to":[0,0],"ti":[0,0]},{"i":{"x":0.833,"y":0.833},"o":{"x":0.167,"y":0.167},"t":38.999,"s":[24.5,20],"to":[0,0],"ti":[0,0]},{"i":{"x":0.833,"y":0.833},"o":{"x":0.167,"y":0.167},"t":42.999,"s":[36,29],"to":[0,0],"ti":[0,0]},{"i":{"x":0.833,"y":0.833},"o":{"x":0.167,"y":0.167},"t":44.999,"s":[24.5,20],"to":[0,0],"ti":[0,0]},{"i":{"x":0.833,"y":0.833},"o":{"x":0.167,"y":0.167},"t":48.999,"s":[0,0],"to":[0,0],"ti":[0,0]},{"i":{"x":0.833,"y":0.833},"o":{"x":0.167,"y":0.167},"t":54.999,"s":[-34,-43.5],"to":[0,0],"ti":[0,0]},{"i":{"x":0.833,"y":0.833},"o":{"x":0.167,"y":0.167},"t":57.999,"s":[-51,-106.5],"to":[0,0],"ti":[0,0]},{"i":{"x":0.833,"y":0.833},"o":{"x":0.167,"y":0.167},"t":61.999,"s":[-34,-43.5],"to":[0,0],"ti":[0,0]},{"t":64.9990796230394,"s":[0,0]}],"ix":1}},{"ty":3,"nm":"Top Right","mn":"CC Power Pin-0003","ix":2,"v":{"a":1,"k":[{"i":{"x":0.833,"y":0.833},"o":{"x":0.167,"y":0.167},"t":33,"s":[142,0],"to":[0,0],"ti":[0,0]},{"i":{"x":0.833,"y":0.833},"o":{"x":0.167,"y":0.167},"t":38.999,"s":[162.5,-35],"to":[0,0],"ti":[0,0]},{"i":{"x":0.833,"y":0.833},"o":{"x":0.167,"y":0.167},"t":42.999,"s":[182,-84.5],"to":[0,0],"ti":[0,0]},{"i":{"x":0.833,"y":0.833},"o":{"x":0.167,"y":0.167},"t":44.999,"s":[162.5,-35],"to":[0,0],"ti":[0,0]},{"i":{"x":0.833,"y":0.833},"o":{"x":0.167,"y":0.167},"t":48.999,"s":[142,0],"to":[0,0],"ti":[0,0]},{"i":{"x":0.833,"y":0.833},"o":{"x":0.167,"y":0.167},"t":54.999,"s":[117,23],"to":[0,0],"ti":[0,0]},{"i":{"x":0.833,"y":0.833},"o":{"x":0.167,"y":0.167},"t":57.999,"s":[105,30.5],"to":[0,0],"ti":[0,0]},{"i":{"x":0.833,"y":0.833},"o":{"x":0.167,"y":0.167},"t":61.999,"s":[117,23],"to":[0,0],"ti":[0,0]},{"t":64.9990796230394,"s":[142,0]}],"ix":2}},{"ty":3,"nm":"Bottom Left","mn":"CC Power Pin-0004","ix":3,"v":{"a":1,"k":[{"i":{"x":0.833,"y":0.833},"o":{"x":0.167,"y":0.167},"t":33,"s":[0,142],"to":[0,0],"ti":[0,0]},{"i":{"x":0.833,"y":0.833},"o":{"x":0.167,"y":0.167},"t":38.999,"s":[22.5,128],"to":[0,0],"ti":[0,0]},{"i":{"x":0.833,"y":0.833},"o":{"x":0.167,"y":0.167},"t":42.999,"s":[36.5,119.5],"to":[0,0],"ti":[0,0]},{"i":{"x":0.833,"y":0.833},"o":{"x":0.167,"y":0.167},"t":44.999,"s":[22.5,128],"to":[0,0],"ti":[0,0]},{"i":{"x":0.833,"y":0.833},"o":{"x":0.167,"y":0.167},"t":48.999,"s":[0,142],"to":[0,0],"ti":[0,0]},{"i":{"x":0.833,"y":0.833},"o":{"x":0.167,"y":0.167},"t":54.999,"s":[-33.5,184],"to":[0,0],"ti":[0,0]},{"i":{"x":0.833,"y":0.833},"o":{"x":0.167,"y":0.167},"t":57.999,"s":[-51,234.5],"to":[0,0],"ti":[0,0]},{"i":{"x":0.833,"y":0.833},"o":{"x":0.167,"y":0.167},"t":61.999,"s":[-33.5,184],"to":[0,0],"ti":[0,0]},{"t":64.9990796230394,"s":[0,142]}],"ix":3}},{"ty":3,"nm":"Bottom Right","mn":"CC Power Pin-0005","ix":4,"v":{"a":1,"k":[{"i":{"x":0.833,"y":0.833},"o":{"x":0.167,"y":0.167},"t":33,"s":[142,142],"to":[0,0],"ti":[0,0]},{"i":{"x":0.833,"y":0.833},"o":{"x":0.167,"y":0.167},"t":38.999,"s":[164.5,176.5],"to":[0,0],"ti":[0,0]},{"i":{"x":0.833,"y":0.833},"o":{"x":0.167,"y":0.167},"t":42.999,"s":[180,210],"to":[0,0],"ti":[0,0]},{"i":{"x":0.833,"y":0.833},"o":{"x":0.167,"y":0.167},"t":44.999,"s":[164.5,176.5],"to":[0,0],"ti":[0,0]},{"i":{"x":0.833,"y":0.833},"o":{"x":0.167,"y":0.167},"t":48.999,"s":[142,142],"to":[0,0],"ti":[0,0]},{"i":{"x":0.833,"y":0.833},"o":{"x":0.167,"y":0.167},"t":54.999,"s":[118.5,124.5],"to":[0,0],"ti":[0,0]},{"i":{"x":0.833,"y":0.833},"o":{"x":0.167,"y":0.167},"t":57.999,"s":[105,117.5],"to":[0,0],"ti":[0,0]},{"i":{"x":0.833,"y":0.833},"o":{"x":0.167,"y":0.167},"t":61.999,"s":[118.5,124.5],"to":[0,0],"ti":[0,0]},{"t":64.9990796230394,"s":[142,142]}],"ix":4}},{"ty":0,"nm":"Perspective","mn":"CC Power Pin-0006","ix":5,"v":{"a":0,"k":0,"ix":5}},{"ty":7,"nm":"Unstretch","mn":"CC Power Pin-0007","ix":6,"v":{"a":0,"k":0,"ix":6}},{"ty":6,"nm":"Expansion (%)","mn":"CC Power Pin-0008","ix":7,"v":0},{"ty":0,"nm":"Top","mn":"CC Power Pin-0009","ix":8,"v":{"a":0,"k":0,"ix":8}},{"ty":0,"nm":"Left","mn":"CC Power Pin-0010","ix":9,"v":{"a":0,"k":0,"ix":9}},{"ty":0,"nm":"Right","mn":"CC Power Pin-0011","ix":10,"v":{"a":0,"k":0,"ix":10}},{"ty":0,"nm":"Bottom","mn":"CC Power Pin-0012","ix":11,"v":{"a":0,"k":0,"ix":11}},{"ty":6,"nm":"","mn":"CC Power Pin-0013","ix":12,"v":0}]}],"shapes":[{"ty":"gr","it":[{"ty":"rc","d":1,"s":{"a":0,"k":[41.067,63.694],"ix":2},"p":{"a":0,"k":[0,0],"ix":3},"r":{"a":0,"k":6,"ix":4},"nm":"矩形路径 1","mn":"ADBE Vector Shape - Rect","hd":false},{"ty":"st","c":{"a":0,"k":[0.21568627451,0.447058823529,0.996078431373,1],"ix":3},"o":{"a":0,"k":90,"ix":4},"w":{"a":0,"k":2,"ix":5},"lc":2,"lj":1,"ml":4,"bm":0,"nm":"描边 1","mn":"ADBE Vector Graphic - Stroke","hd":false},{"ty":"fl","c":{"a":0,"k":[0.525490196078,0.666666666667,0.996078431373,1],"ix":4},"o":{"a":0,"k":55,"ix":5},"r":1,"bm":0,"nm":"填充 1","mn":"ADBE Vector Graphic - Fill","hd":false},{"ty":"tr","p":{"a":0,"k":[-0.448,7.754],"ix":2},"a":{"a":0,"k":[0,0],"ix":1},"s":{"a":0,"k":[100.7,100.281],"ix":3},"r":{"a":0,"k":0,"ix":6},"o":{"a":0,"k":100,"ix":7},"sk":{"a":0,"k":0,"ix":4},"sa":{"a":0,"k":-47966,"ix":5},"nm":"变换"}],"nm":"矩形 1","np":3,"cix":2,"bm":0,"ix":1,"mn":"ADBE Vector Group","hd":false}],"ip":0,"op":66.9990513037483,"st":0,"ct":1,"bm":0},{"ddd":0,"ind":10,"ty":4,"nm":"arr","sr":1,"ks":{"o":{"a":0,"k":100,"ix":11},"r":{"a":0,"k":0,"ix":10},"p":{"a":0,"k":[70.438,71.375,0],"ix":2,"l":2},"a":{"a":0,"k":[0,0,0],"ix":1,"l":2},"s":{"a":0,"k":[100,100,100],"ix":6,"l":2}},"ao":0,"shapes":[{"ty":"gr","it":[{"ind":0,"ty":"sh","ix":1,"ks":{"a":0,"k":{"i":[[26.625,-0.125],[0,0],[0,0],[0,0],[0,0],[0,0],[-21.398,0],[0,0],[0,0],[0,0],[0,0],[0,0]],"o":[[-28.754,0.135],[0,0],[0,0],[0,0],[0,0],[0,0],[22.375,0],[0,0],[0,0],[0,0],[0,0],[0,0]],"v":[[0.25,-53.188],[-41.125,-34.125],[-44,-36.625],[-44.812,-25.5],[-33.875,-27.875],[-37.125,-30.938],[0.25,-48.125],[37.625,-30.375],[34.125,-27.375],[45.562,-25.062],[45.25,-35.875],[41.688,-33.188]],"c":true},"ix":2},"nm":"路径 1","mn":"ADBE Vector Shape - Group","hd":false},{"ty":"fl","c":{"a":0,"k":[0.203921568627,0.443137254902,0.96862745098,1],"ix":4},"o":{"a":0,"k":100,"ix":5},"r":1,"bm":0,"nm":"填充 1","mn":"ADBE Vector Graphic - Fill","hd":false},{"ty":"tr","p":{"a":0,"k":[0.121,0.076],"ix":2},"a":{"a":0,"k":[0,0],"ix":1},"s":{"a":0,"k":[100,100],"ix":3},"r":{"a":0,"k":0,"ix":6},"o":{"a":0,"k":100,"ix":7},"sk":{"a":0,"k":0,"ix":4},"sa":{"a":0,"k":0,"ix":5},"nm":"变换"}],"nm":"形状 1","np":3,"cix":2,"bm":0,"ix":1,"mn":"ADBE Vector Group","hd":false}],"ip":0,"op":66.9990513037483,"st":0,"ct":1,"bm":0},{"ddd":0,"ind":11,"ty":4,"nm":"bbg","sr":1,"ks":{"o":{"a":0,"k":30,"ix":11},"r":{"a":0,"k":0,"ix":10},"p":{"a":0,"k":[69.87,68.7,0],"ix":2,"l":2},"a":{"a":0,"k":[0,0,0],"ix":1,"l":2},"s":{"a":0,"k":[102.196,100,100],"ix":6,"l":2}},"ao":0,"shapes":[{"ty":"gr","it":[{"d":1,"ty":"el","s":{"a":0,"k":[16.179,28.865],"ix":2},"p":{"a":0,"k":[0,0],"ix":3},"nm":"椭圆路径 1","mn":"ADBE Vector Shape - Ellipse","hd":false},{"ty":"fl","c":{"a":0,"k":[0.474509803922,0.686274509804,1,1],"ix":4},"o":{"a":0,"k":100,"ix":5},"r":1,"bm":0,"nm":"填充 1","mn":"ADBE Vector Graphic - Fill","hd":false},{"ty":"tr","p":{"a":0,"k":[1.175,2.517],"ix":2},"a":{"a":0,"k":[0,0],"ix":1},"s":{"a":0,"k":[858.132,491.59],"ix":3},"r":{"a":0,"k":0,"ix":6},"o":{"a":0,"k":100,"ix":7},"sk":{"a":0,"k":0,"ix":4},"sa":{"a":0,"k":0,"ix":5},"nm":"变换"}],"nm":"椭圆 1","np":3,"cix":2,"bm":0,"ix":1,"mn":"ADBE Vector Group","hd":false}],"ip":0,"op":66.9990513037483,"st":0,"ct":1,"bm":0}],"markers":[],"props":{}}